title,rating,votes,year,genres,imdbLink
101 Estonian Films: Animation,0,0,0,,
25 Years of Innocence. The Case of Tomek Komenda,0,0,0,,
50 or Two Whales Meet on the Beach,7.9,9,2020,Drama,"<a href=""http://www.imdb.com/title/tt12211524/"">Link</a>"
A Distant Place,5.7,37,2010,Drama;Romance,"<a href=""http://www.imdb.com/title/tt1267494/"">Link</a>"
A Man Who Never Was,7.4,4440,1956,War;Drama,"<a href=""http://www.imdb.com/title/tt0049471/"">Link</a>"
A Yellow Animal,6.1,106,2020,Drama,"<a href=""http://www.imdb.com/title/tt7811018/"">Link</a>"
Abulele,5.9,251,2015,Animation;Adventure;Family,"<a href=""http://www.imdb.com/title/tt4937208/"">Link</a>"
Ammonite,6.6,631,2020,Biography;Drama;Romance,"<a href=""http://www.imdb.com/title/tt7983894/"">Link</a>"
An Ordinary Woman 2,7.3,306,2018,Comedy;Drama,"<a href=""http://www.imdb.com/title/tt8561620/"">Link</a>"
And Tomorrow the Entire World,6.0,243,2020,Crime;Drama;Romance,"<a href=""http://www.imdb.com/title/tt7716120/"">Link</a>"
Angel,7.9,63637,1999,Action;Drama;Fantasy;Thriller,"<a href=""http://www.imdb.com/title/tt0162065/"">Link</a>"
Animated Journeys,,,2016,Comedy,"<a href=""http://www.imdb.com/title/tt6462770/"">Link</a>"
Animated Realities,,,2016,Documentary;Short,"<a href=""http://www.imdb.com/title/tt4010186/"">Link</a>"
Anton,8.4,29,2019,Drama,"<a href=""http://www.imdb.com/title/tt6872792/"">Link</a>"
Armugan,,,2020,,"<a href=""http://www.imdb.com/title/tt11123316/"">Link</a>"
Art Paul of Playboy: The Man Behind The Bunny,6.1,21,2018,Documentary,"<a href=""http://www.imdb.com/title/tt8413006/"">Link</a>"
As Far as I Know,,,2020,Drama,"<a href=""http://www.imdb.com/title/tt10073452/"">Link</a>"
Ascent of a Woman - Live Action Documentaries 2,0,0,0,,
Baby,6.8,7744,2018,Drama,"<a href=""http://www.imdb.com/title/tt7645192/"">Link</a>"
Bad Tales,6.6,3821,2020,Drama,"<a href=""http://www.imdb.com/title/tt8526370/"">Link</a>"
Barefoot: The Mark Baumer Story,8.0,6,2019,Documentary,"<a href=""http://www.imdb.com/title/tt11025386/"">Link</a>"
Basic Care Unit,0,0,0,,
Beasts,7.3,184,1976,Horror;Mystery,"<a href=""http://www.imdb.com/title/tt0169416/"">Link</a>"
Because of My Body,6.1,8,1960,,"<a href=""http://www.imdb.com/title/tt0359694/"">Link</a>"
Bedridden,,,2020,Drama,"<a href=""http://www.imdb.com/title/tt10410782/"">Link</a>"
Beginning,6.6,223,2020,Drama,"<a href=""http://www.imdb.com/title/tt12444572/"">Link</a>"
Berlin Alexanderplatz,6.8,1126,2020,Drama,"<a href=""http://www.imdb.com/title/tt6470924/"">Link</a>"
Big vs Small,,,2020,Documentary,"<a href=""http://www.imdb.com/title/tt12958774/"">Link</a>"
Bitter Love,4.7,616,2015,Drama,"<a href=""http://www.imdb.com/title/tt5303490/"">Link</a>"
Black Light,4.3,171,1999,Crime;Mystery;Romance;Thriller,"<a href=""http://www.imdb.com/title/tt0135164/"">Link</a>"
Black Milk,6.2,48,2020,Drama,"<a href=""http://www.imdb.com/title/tt11639052/"">Link</a>"
Blizzard of Souls,8.4,1459,2019,Drama;History;War,"<a href=""http://www.imdb.com/title/tt6084202/"">Link</a>"
Boys Boys Boys - Live Action Documentaries 1,0,0,0,,
Brave New Worlds: Scifi and Fantasy Shorts,0,0,0,,
Bula,,,2020,Biography;Comedy;Drama,"<a href=""http://www.imdb.com/title/tt4684610/"">Link</a>"
Caged Birds,,,2020,Drama;Romance,"<a href=""http://www.imdb.com/title/tt9502538/"">Link</a>"
Call Me Blackbird,0,0,0,,
Catwalk: From Glada Hudik to New York,7.5,208,2020,Documentary,"<a href=""http://www.imdb.com/title/tt11078564/"">Link</a>"
Caught in the Net,8.2,345,2020,Documentary;Crime,"<a href=""http://www.imdb.com/title/tt11900404/"">Link</a>"
Charlatan,6.8,505,2020,Drama;History,"<a href=""http://www.imdb.com/title/tt6028620/"">Link</a>"
Chicks,5.3,275,2009,Comedy;Drama,"<a href=""http://www.imdb.com/title/tt1509742/"">Link</a>"
City So Real,6.8,74,2020,Documentary,"<a href=""http://www.imdb.com/title/tt11469904/"">Link</a>"
Cocoon,6.7,56703,1985,Comedy;Drama;Sci-Fi,"<a href=""http://www.imdb.com/title/tt0088933/"">Link</a>"
Colourful Dreams,,,1983,Drama,"<a href=""http://www.imdb.com/title/tt0261223/"">Link</a>"
Come True,6.9,216,2020,Horror;Sci-Fi,"<a href=""http://www.imdb.com/title/tt7026488/"">Link</a>"
Conference,6.8,92,2020,Drama,"<a href=""http://www.imdb.com/title/tt11258824/"">Link</a>"
Cortex,6.3,112,2020,Crime;Drama;Thriller,"<a href=""http://www.imdb.com/title/tt10056224/"">Link</a>"
County Lines,7.9,50,2019,Drama,"<a href=""http://www.imdb.com/title/tt7156898/"">Link</a>"
Courtroom 3H,6.3,32,2020,Documentary;Crime,"<a href=""http://www.imdb.com/title/tt11431570/"">Link</a>"
Cry Wolf,8.4,99,2020,Crime;Drama;Mystery,"<a href=""http://www.imdb.com/title/tt11823102/"">Link</a>"
Dance Films: Kinetic Novellas,0,0,0,,
Davos,8.3,7,2020,Documentary,"<a href=""http://www.imdb.com/title/tt12306916/"">Link</a>"
Dear Comrades,6.5,196,2020,Drama;History,"<a href=""http://www.imdb.com/title/tt10796286/"">Link</a>"
Dinner in America,7.4,320,2020,Comedy;Drama;Music;Romance,"<a href=""http://www.imdb.com/title/tt9058654/"">Link</a>"
EFA Shorts on Tour 1,0,0,0,,
EFA Shorts on Tour 2,0,0,0,,
Enfant Terrible,6.3,140,2020,Biography;Drama,"<a href=""http://www.imdb.com/title/tt10855798/"">Link</a>"
Erna at War,,,2011,Drama;Family,"<a href=""http://www.imdb.com/title/tt1872574/"">Link</a>"
Escape from Pretoria,6.8,17554,2020,Thriller,"<a href=""http://www.imdb.com/title/tt5797184/"">Link</a>"
Estanislao,,,,Drama,"<a href=""http://www.imdb.com/title/tt9566084/"">Link</a>"
Everything: The Real Thing Story,8.3,64,2019,Documentary,"<a href=""http://www.imdb.com/title/tt11046788/"">Link</a>"
Exemplary Behavior,7.8,28,2019,Documentary,"<a href=""http://www.imdb.com/title/tt9792010/"">Link</a>"
Exile,6.3,293,2020,Drama,"<a href=""http://www.imdb.com/title/tt8955708/"">Link</a>"
Falling,6.1,819,2020,Drama,"<a href=""http://www.imdb.com/title/tt9143112/"">Link</a>"
Fan Girl,4.7,564,2015,Comedy;Family;Music,"<a href=""http://www.imdb.com/title/tt4146132/"">Link</a>"
Fear,6.3,40743,1996,Drama;Thriller,"<a href=""http://www.imdb.com/title/tt0116287/"">Link</a>"
February,5.9,18449,2015,Horror;Mystery;Thriller,"<a href=""http://www.imdb.com/title/tt3286052/"">Link</a>"
Final Report,6.0,139,2020,Drama,"<a href=""http://www.imdb.com/title/tt9701934/"">Link</a>"
Flashwood,5.2,47,2020,Drama,"<a href=""http://www.imdb.com/title/tt11843950/"">Link</a>"
Follow The Yellow Brick Road,,,1991,,"<a href=""http://www.imdb.com/title/tt1629958/"">Link</a>"
Forgotten Roads,7.4,16,2020,Drama;Romance,"<a href=""http://www.imdb.com/title/tt12888166/"">Link</a>"
Fugitive Dreams,,,2020,Drama,"<a href=""http://www.imdb.com/title/tt7551844/"">Link</a>"
Georgica,6.8,241,1998,Drama,"<a href=""http://www.imdb.com/title/tt0168819/"">Link</a>"
Glassboy,,,2020,Drama,"<a href=""http://www.imdb.com/title/tt12188452/"">Link</a>"
Goodbye Soviet Union,7.2,67,2020,Comedy,"<a href=""http://www.imdb.com/title/tt9471988/"">Link</a>"
Gorbachev. Heaven,,,2020,Documentary,"<a href=""http://www.imdb.com/title/tt13400440/"">Link</a>"
Gracious Night,,,2020,Drama,"<a href=""http://www.imdb.com/title/tt13328460/"">Link</a>"
Great Happiness,,,2019,Drama,"<a href=""http://www.imdb.com/title/tt8784830/"">Link</a>"
Havel,6.6,136,2020,Biography;Drama;History,"<a href=""http://www.imdb.com/title/tt9471930/"">Link</a>"
Heroes,7.5,227224,2006,Drama;Fantasy;Sci-Fi;Thriller,"<a href=""http://www.imdb.com/title/tt0813715/"">Link</a>"
Holler,6.6,29,2020,Drama,"<a href=""http://www.imdb.com/title/tt6763778/"">Link</a>"
Holy Father,9.2,45,2020,Documentary,"<a href=""http://www.imdb.com/title/tt12833692/"">Link</a>"
Home,6.6,91003,2015,Animation;Adventure;Comedy;Family;Fantasy;Sci-Fi,"<a href=""http://www.imdb.com/title/tt2224026/"">Link</a>"
Honeymood,6.7,30,2020,Comedy;Drama,"<a href=""http://www.imdb.com/title/tt11905730/"">Link</a>"
Hunted,7.4,8585,2012,Action;Drama,"<a href=""http://www.imdb.com/title/tt2069449/"">Link</a>"
Hunting in the North,,,1961,Short;Documentary,"<a href=""http://www.imdb.com/title/tt0225231/"">Link</a>"
I Am Greta,5.7,3080,2020,Documentary;Biography,"<a href=""http://www.imdb.com/title/tt10394738/"">Link</a>"
In the Dusk,6.3,53,2019,Drama,"<a href=""http://www.imdb.com/title/tt9799640/"">Link</a>"
In the Line of Fire,7.2,91347,1993,Action;Crime;Drama;Thriller,"<a href=""http://www.imdb.com/title/tt0107206/"">Link</a>"
In the Mirror,,,2020,Fantasy,"<a href=""http://www.imdb.com/title/tt10590568/"">Link</a>"
Intervention,7.9,2423,2005,Documentary;Drama,"<a href=""http://www.imdb.com/title/tt0450920/"">Link</a>"
Jackie and Oopjen,7.7,18,2020,Comedy;Family,"<a href=""http://www.imdb.com/title/tt11816000/"">Link</a>"
Josep,7.5,223,2020,Animation;Biography;Drama,"<a href=""http://www.imdb.com/title/tt10534996/"">Link</a>"
Jumbo,6.1,483,2020,Drama;Fantasy,"<a href=""http://www.imdb.com/title/tt6818118/"">Link</a>"
Karnawal,5.0,9,2020,Drama,"<a href=""http://www.imdb.com/title/tt12121760/"">Link</a>"
Kindred,4.5,247,2020,Drama;Horror;Mystery;Thriller,"<a href=""http://www.imdb.com/title/tt9742392/"">Link</a>"
Kokoloko,6.3,9,2020,Drama;Thriller,"<a href=""http://www.imdb.com/title/tt11905394/"">Link</a>"
Kratt,,,2020,Comedy;Fantasy,"<a href=""http://www.imdb.com/title/tt11690220/"">Link</a>"
Labyrinth of Peace,,,2020,History,"<a href=""http://www.imdb.com/title/tt10639680/"">Link</a>"
Late Night Comedy,,,,Comedy,"<a href=""http://www.imdb.com/title/tt6962084/"">Link</a>"
Late Night Love,,,2016,Short;Comedy;Thriller,"<a href=""http://www.imdb.com/title/tt6119490/"">Link</a>"
Latvian Coyote,7.6,28,2019,Documentary,"<a href=""http://www.imdb.com/title/tt11448636/"">Link</a>"
Let Me Fall,8.0,711,2018,Biography;Crime;Drama,"<a href=""http://www.imdb.com/title/tt7358598/"">Link</a>"
Life Is Just A Ride,,,2020,Documentary,"<a href=""http://www.imdb.com/title/tt13270220/"">Link</a>"
Lola,7.6,187060,1998,Crime;Drama;Thriller,"<a href=""http://www.imdb.com/title/tt0130827/"">Link</a>"
Longing Souls,,,2002,Documentary,"<a href=""http://www.imdb.com/title/tt0827201/"">Link</a>"
Love Song 1980,9.4,10,2020,Drama,"<a href=""http://www.imdb.com/title/tt10097470/"">Link</a>"
Made in Corona: Inside Stories,0,0,0,,
Madison - A Fast Friendship,,,2020,Adventure;Drama;Family;Sport,"<a href=""http://www.imdb.com/title/tt10397306/"">Link</a>"
Madly in Life,6.8,13,2020,Comedy;Drama,"<a href=""http://www.imdb.com/title/tt13194566/"">Link</a>"
Madness,5.6,409,1980,Action;Crime;Drama;Thriller,"<a href=""http://www.imdb.com/title/tt0080075/"">Link</a>"
Magnesium,6.1,16,2020,Crime;Western,"<a href=""http://www.imdb.com/title/tt10792570/"">Link</a>"
Masha,,,2020,,"<a href=""http://www.imdb.com/title/tt11892302/"">Link</a>"
Max and The Wild Bunch,7.2,79,2014,Animation;Short;Action;Family;Fantasy,"<a href=""http://www.imdb.com/title/tt3696774/"">Link</a>"
Mephistopheles,8.1,29,1989,Drama;Fantasy;Musical,"<a href=""http://www.imdb.com/title/tt0097859/"">Link</a>"
Model Olimpia,,,2020,Drama,"<a href=""http://www.imdb.com/title/tt11775972/"">Link</a>"
Mosquito State,5.4,106,2020,Drama,"<a href=""http://www.imdb.com/title/tt12789540/"">Link</a>"
My Favorite War,8.1,80,2020,Documentary;Animation,"<a href=""http://www.imdb.com/title/tt12354896/"">Link</a>"
My Heart Goes Boom,,,2014,Short;Music,"<a href=""http://www.imdb.com/title/tt12884284/"">Link</a>"
My life as a Comedian,6.5,529,2019,Biography;Drama,"<a href=""http://www.imdb.com/title/tt8425516/"">Link</a>"
NEXT Generation Short Tiger,0,0,0,,
Needle Park Baby,7.4,283,2020,Drama,"<a href=""http://www.imdb.com/title/tt9737798/"">Link</a>"
Nest of Winds,,,2009,Short;Drama,"<a href=""http://www.imdb.com/title/tt6048010/"">Link</a>"
Nomadland,7.8,1053,2020,Drama,"<a href=""http://www.imdb.com/title/tt9770150/"">Link</a>"
Oasis,8.1,5085,2017,Drama;Sci-Fi,"<a href=""http://www.imdb.com/title/tt6268052/"">Link</a>"
On the Water,,,2020,Short;Crime;Mystery;Thriller,"<a href=""http://www.imdb.com/title/tt11398726/"">Link</a>"
One For All,5.9,109,2020,Drama,"<a href=""http://www.imdb.com/title/tt9717498/"">Link</a>"
One Man and His Shoes,6.0,109,2020,Documentary;Sport,"<a href=""http://www.imdb.com/title/tt11532922/"">Link</a>"
Papier-mache,,,2013,Short;Comedy;Fantasy;Romance,"<a href=""http://www.imdb.com/title/tt3391878/"">Link</a>"
Parquet,,,2020,Drama,"<a href=""http://www.imdb.com/title/tt9699628/"">Link</a>"
Pelle No-Tail,,,1970,Comedy;Crime;Mystery,"<a href=""http://www.imdb.com/title/tt1693312/"">Link</a>"
Pirates Down The Street,6.7,102,2020,Family,"<a href=""http://www.imdb.com/title/tt10727214/"">Link</a>"
Poppy Field,,,2020,Drama,"<a href=""http://www.imdb.com/title/tt11768008/"">Link</a>"
Promise of Pisa,6.7,454,2019,Drama;Music;Romance,"<a href=""http://www.imdb.com/title/tt8974368/"">Link</a>"
Psycho,8.5,595752,1960,Horror;Mystery;Thriller,"<a href=""http://www.imdb.com/title/tt0054215/"">Link</a>"
Queer 1: Masc for Masc,0,0,0,,
Queer 2: Femme Like You,0,0,0,,
Raggie,6.3,57,2020,Animation,"<a href=""http://www.imdb.com/title/tt11462296/"">Link</a>"
Rain,,,,Action;Thriller,"<a href=""http://www.imdb.com/title/tt3969420/"">Link</a>"
Rebels With Their Shorts I,0,0,0,,
Rebels With Their Shorts II,0,0,0,,
Remy and Juliyat,9.2,6,2019,Drama,"<a href=""http://www.imdb.com/title/tt9717124/"">Link</a>"
Rivale,7.6,10,2020,Drama,"<a href=""http://www.imdb.com/title/tt8897388/"">Link</a>"
Russian Death,8.8,128,2019,Documentary;Horror,"<a href=""http://www.imdb.com/title/tt10544422/"">Link</a>"
Sanremo,,,2020,Drama,"<a href=""http://www.imdb.com/title/tt11114992/"">Link</a>"
Sententia,,,2020,Drama,"<a href=""http://www.imdb.com/title/tt12077076/"">Link</a>"
Servants,6.1,293,2020,Drama,"<a href=""http://www.imdb.com/title/tt8462814/"">Link</a>"
Sherlock: The Russian Chronicles,4.8,18,2020,Crime;Drama;Mystery,"<a href=""http://www.imdb.com/title/tt11105888/"">Link</a>"
Shorta,7.4,463,2020,Action;Crime,"<a href=""http://www.imdb.com/title/tt11081050/"">Link</a>"
Shorts Animation Competition 1,0,0,0,,
Shorts Animation Competition 2,0,0,0,,
Shorts Animation Competition 3,0,0,0,,
Shorts Animation Competition 4,0,0,0,,
Shorts Animation Competition 5,0,0,0,,
Shorts Kids Animation Competition 1,0,0,0,,
Shorts Kids Animation Competition 2,0,0,0,,
Shorts Live-Action Competition 1,0,0,0,,
Shorts Live-Action Competition 2,0,0,0,,
Shorts Live-Action Competition 3,0,0,0,,
Shorts Live-Action Competition 4,0,0,0,,
Shorts Live-Action Competition 5,0,0,0,,
Shorts National Competition 1,0,0,0,,
Shorts National Competition 2,0,0,0,,
Shorts National Competition 3,0,0,0,,
Shorts National Competition 4,0,0,0,,
Shorts New Talents Competition: Animation 1,0,0,0,,
Shorts New Talents Competition: Animation 2,0,0,0,,
Shorts New Talents Competition: Live-action 1,0,0,0,,
Shorts New Talents Competition: Live-action 2,0,0,0,,
Shorts New Talents Competition: Live-action 3,0,0,0,,
Shorts New Talents Competition: Live-action 4,0,0,0,,
Shorts New Talents Competition: Live-action 5,0,0,0,,
Shorts Winners,7.1,34,2010,Short;Comedy,"<a href=""http://www.imdb.com/title/tt1542036/"">Link</a>"
Should the Wind Drop,6.7,45,2020,Drama,"<a href=""http://www.imdb.com/title/tt11681310/"">Link</a>"
Slalom,7.0,114,2020,Drama,"<a href=""http://www.imdb.com/title/tt9697780/"">Link</a>"
Soviet Friendsbook,7.2,306,2018,Animation;Drama;Fantasy,"<a href=""http://www.imdb.com/title/tt9081300/"">Link</a>"
Stars Await Us,,,2020,Drama,"<a href=""http://www.imdb.com/title/tt10097346/"">Link</a>"
Submission,5.5,1422,2016,Drama;Mystery;Romance,"<a href=""http://www.imdb.com/title/tt5625066/"">Link</a>"
Summer Rebels,5.7,12,2020,Family,"<a href=""http://www.imdb.com/title/tt12181184/"">Link</a>"
Sun Children,6.6,232,2020,Drama,"<a href=""http://www.imdb.com/title/tt11767722/"">Link</a>"
Supernova,6.4,243,2020,Drama;Romance,"<a href=""http://www.imdb.com/title/tt11169050/"">Link</a>"
Sweat,6.8,204,2020,Drama,"<a href=""http://www.imdb.com/title/tt12443946/"">Link</a>"
Tailor,7.5,17,2020,Comedy;Drama,"<a href=""http://www.imdb.com/title/tt13317230/"">Link</a>"
Tangerines,8.2,38691,2013,Drama;War,"<a href=""http://www.imdb.com/title/tt2991224/"">Link</a>"
Teddy,6.1,87,2020,Horror,"<a href=""http://www.imdb.com/title/tt10469804/"">Link</a>"
Tell Her,,,2020,Drama,"<a href=""http://www.imdb.com/title/tt11349638/"">Link</a>"
Tell Me Who I Am,7.6,10184,2019,Documentary;Drama;Mystery,"<a href=""http://www.imdb.com/title/tt10915286/"">Link</a>"
Thanks for Everything,6.5,38,1938,Comedy,"<a href=""http://www.imdb.com/title/tt0030852/"">Link</a>"
The Art in the Artist,7.9,228816,2011,Comedy;Drama;Romance,"<a href=""http://www.imdb.com/title/tt1655442/"">Link</a>"
The Barcelona Vampiress,7.1,92,2020,Drama,"<a href=""http://www.imdb.com/title/tt10873438/"">Link</a>"
The Big Game,5.1,86,1973,Action;Adventure;Drama;Sci-Fi,"<a href=""http://www.imdb.com/title/tt0068274/"">Link</a>"
The Black Mill,6.2,48,2020,Drama,"<a href=""http://www.imdb.com/title/tt11639052/"">Link</a>"
The Body Fights Back,6.6,15,1937,Action;Drama;Romance,"<a href=""http://www.imdb.com/title/tt0029104/"">Link</a>"
The Club of Angels,,,2020,,"<a href=""http://www.imdb.com/title/tt8608144/"">Link</a>"
The Club of Ugly Children,6.8,127,2019,Action;Adventure;Family,"<a href=""http://www.imdb.com/title/tt9695404/"">Link</a>"
The Dawn,5.4,1765,2019,Drama;Horror;Thriller,"<a href=""http://www.imdb.com/title/tt7461372/"">Link</a>"
The Disciple,6.7,261,2020,Drama;Music,"<a href=""http://www.imdb.com/title/tt11423784/"">Link</a>"
The End,8.0,136,2020,Drama,"<a href=""http://www.imdb.com/title/tt9055250/"">Link</a>"
The Enemies,7.4,9,2017,Drama,"<a href=""http://www.imdb.com/title/tt7266820/"">Link</a>"
The Father,7.4,474,2020,Drama,"<a href=""http://www.imdb.com/title/tt10272386/"">Link</a>"
The Flood,5.9,31833,1998,Action;Crime;Drama;Thriller,"<a href=""http://www.imdb.com/title/tt0120696/"">Link</a>"
The Foundation Pit,7.2,33,2020,Documentary,"<a href=""http://www.imdb.com/title/tt11753722/"">Link</a>"
The Garden,6.8,69,2020,Comedy;Drama,"<a href=""http://www.imdb.com/title/tt10603286/"">Link</a>"
The Hidden Life of Trees,,,2019,Documentary,"<a href=""http://www.imdb.com/title/tt11846862/"">Link</a>"
The Holy Trinity of Estonian Animation,0,0,0,,
The Jump,6.1,145,2016,News;Sport;Talk-Show,"<a href=""http://www.imdb.com/title/tt5440648/"">Link</a>"
The Kiosk,7.0,67,2013,Animation;Short;Adventure,"<a href=""http://www.imdb.com/title/tt2723216/"">Link</a>"
The Last Ice,5.6,9,2020,Documentary,"<a href=""http://www.imdb.com/title/tt12812506/"">Link</a>"
The Last Ones,7.0,82,2020,Comedy;Crime;Drama,"<a href=""http://www.imdb.com/title/tt6352926/"">Link</a>"
The Macaluso Sisters,5.9,200,2020,Drama,"<a href=""http://www.imdb.com/title/tt12789110/"">Link</a>"
The Man Who Sold His Skin,7.7,47,2020,Drama,"<a href=""http://www.imdb.com/title/tt10360862/"">Link</a>"
The Metamorphosis of Birds,7.5,165,2020,Documentary;Biography;Drama,"<a href=""http://www.imdb.com/title/tt11625100/"">Link</a>"
The Misadventures of the New Satan,,,2012,Short;Comedy;Horror,"<a href=""http://www.imdb.com/title/tt2332837/"">Link</a>"
The Monopoly of Violence,7.4,113,2020,Documentary,"<a href=""http://www.imdb.com/title/tt12313458/"">Link</a>"
The Nose or The Conspiracy of Mavericks,6.6,58,2020,Animation,"<a href=""http://www.imdb.com/title/tt11689090/"">Link</a>"
The Pack,,,2020,Reality-TV,"<a href=""http://www.imdb.com/title/tt12850564/"">Link</a>"
The Penultimate,,,2020,,"<a href=""http://www.imdb.com/title/tt13269230/"">Link</a>"
The People Upstairs,6.0,103,2020,Comedy,"<a href=""http://www.imdb.com/title/tt11028768/"">Link</a>"
The Personal History of David Copperfield,6.4,10560,2019,Comedy;Drama,"<a href=""http://www.imdb.com/title/tt6439020/"">Link</a>"
The Pit,7.3,8373,2017,Action;Crime;Thriller,"<a href=""http://www.imdb.com/title/tt7431994/"">Link</a>"
The Racer,5.6,466,2020,Comedy;Drama;Sport,"<a href=""http://www.imdb.com/title/tt8374436/"">Link</a>"
The Rejected Shorts Picture Show,0,0,0,,
The Road to Eden,,,2020,Drama,"<a href=""http://www.imdb.com/title/tt13195124/"">Link</a>"
The Sign Painter,7.6,208,2020,Drama,"<a href=""http://www.imdb.com/title/tt11493046/"">Link</a>"
The Three,,,,Action;Thriller,"<a href=""http://www.imdb.com/title/tt7985560/"">Link</a>"
The Time Guardians,4.3,849,1987,Action;Romance;Sci-Fi;Thriller,"<a href=""http://www.imdb.com/title/tt0094152/"">Link</a>"
The Translator,7.9,8,2020,Thriller,"<a href=""http://www.imdb.com/title/tt10691828/"">Link</a>"
The Wasteland,6.0,95,2020,Drama,"<a href=""http://www.imdb.com/title/tt12792588/"">Link</a>"
The World to Come,5.7,218,2020,Drama,"<a href=""http://www.imdb.com/title/tt9738716/"">Link</a>"
The Yellow Cat,,,2016,Animation;Short,"<a href=""http://www.imdb.com/title/tt7692318/"">Link</a>"
There Will be People,,,2016,Talk-Show,"<a href=""http://www.imdb.com/title/tt6676570/"">Link</a>"
This Town,7.0,54,2020,Comedy,"<a href=""http://www.imdb.com/title/tt8171236/"">Link</a>"
Thread of Return,6.6,326,1974,Action;Crime,"<a href=""http://www.imdb.com/title/tt0183704/"">Link</a>"
Three Houses,7.2,277,2009,Drama,"<a href=""http://www.imdb.com/title/tt1508332/"">Link</a>"
To Save a Language,,,2015,Documentary,"<a href=""http://www.imdb.com/title/tt4505108/"">Link</a>"
Toddler screening 1,,,2007,Reality-TV,"<a href=""http://www.imdb.com/title/tt9519498/"">Link</a>"
Toddler screening 2,,,2007,Reality-TV,"<a href=""http://www.imdb.com/title/tt9519498/"">Link</a>"
Tooman,6.4,20,2020,Drama,"<a href=""http://www.imdb.com/title/tt11771310/"">Link</a>"
Truffle Hunters,7.1,111,2020,Documentary,"<a href=""http://www.imdb.com/title/tt11394318/"">Link</a>"
Tscheka komissar Miroschtschenko,0,0,0,,
Tsoi,5.7,23,2020,Drama,"<a href=""http://www.imdb.com/title/tt12077086/"">Link</a>"
Ulbolsyn,,,2020,Drama,"<a href=""http://www.imdb.com/title/tt13294010/"">Link</a>"
Ultrainnocence,,,2020,Sci-Fi,"<a href=""http://www.imdb.com/title/tt12439404/"">Link</a>"
Undergods,6.7,24,2020,Fantasy,"<a href=""http://www.imdb.com/title/tt8043434/"">Link</a>"
Undine,6.4,1219,2020,Drama;Fantasy;Romance,"<a href=""http://www.imdb.com/title/tt11617052/"">Link</a>"
Vacarme,,,2020,Drama,"<a href=""http://www.imdb.com/title/tt13068388/"">Link</a>"
Walchensee Forever,6.1,133,2020,Documentary,"<a href=""http://www.imdb.com/title/tt11496264/"">Link</a>"
Walnut Tree,6.2,104,2020,Documentary;Drama;History;War,"<a href=""http://www.imdb.com/title/tt11737936/"">Link</a>"
Wendy,5.8,1659,2020,Drama;Fantasy,"<a href=""http://www.imdb.com/title/tt2420124/"">Link</a>"
Why Not You,5.6,24,2020,Drama,"<a href=""http://www.imdb.com/title/tt12155064/"">Link</a>"
Wishlist,6.4,357,2016,Mystery,"<a href=""http://www.imdb.com/title/tt5706720/"">Link</a>"
Wolves at the Borders,,,2020,Documentary,"<a href=""http://www.imdb.com/title/tt11949478/"">Link</a>"
Wrath of Desire,0,0,0,,
Young Hearts,5.7,1204,1987,Drama,"<a href=""http://www.imdb.com/title/tt0095916/"">Link</a>"
